product_id,anime_id,sku,product_name,product_category,license_type,unit_cost_usd,list_price_usd
1,18,ANI-00001,Blu-ray Collection 0001,Blu-ray,Limited,34.79,74.22
2,35,ANI-00002,Apparel Collection 0002,Apparel,Standard,51.12,85.55
3,52,ANI-00003,Accessory Collection 0003,Accessory,Exclusive,10.41,19.79
4,69,ANI-00004,Poster Collection 0004,Poster,Limited,55.46,85.25
5,86,ANI-00005,Figure Collection 0005,Figure,Standard,65.93,116.11
6,103,ANI-00006,Blu-ray Collection 0006,Blu-ray,Exclusive,53.81,87.04
7,120,ANI-00007,Apparel Collection 0007,Apparel,Limited,28.2,68.98
8,137,ANI-00008,Accessory Collection 0008,Accessory,Standard,79.78,189.05
9,154,ANI-00009,Poster Collection 0009,Poster,Exclusive,42.27,74.95
10,171,ANI-00010,Figure Collection 0010,Figure,Limited,14.18,28.47
11,188,ANI-00011,Blu-ray Collection 0011,Blu-ray,Standard,70.95,135.09
12,205,ANI-00012,Apparel Collection 0012,Apparel,Exclusive,68.15,111.47
13,222,ANI-00013,Accessory Collection 0013,Accessory,Limited,89.41,168.71
14,239,ANI-00014,Poster Collection 0014,Poster,Standard,85.38,131.92
15,256,ANI-00015,Figure Collection 0015,Figure,Exclusive,31.6,76.05
16,273,ANI-00016,Blu-ray Collection 0016,Blu-ray,Limited,81.77,137.32
17,290,ANI-00017,Apparel Collection 0017,Apparel,Standard,29.28,40.61
18,307,ANI-00018,Accessory Collection 0018,Accessory,Exclusive,48.14,111.78
19,324,ANI-00019,Poster Collection 0019,Poster,Limited,67.21,111.97
20,,ANI-00020,Figure Collection 0020,Figure,Standard,87.72,126.0
21,358,ANI-00021,Blu-ray Collection 0021,Blu-ray,Exclusive,29.47,59.81
22,15,ANI-00022,Apparel Collection 0022,Apparel,Limited,20.04,44.42
23,32,ANI-00023,Accessory Collection 0023,Accessory,Standard,82.23,212.46
24,49,ANI-00024,Poster Collection 0024,Poster,Exclusive,25.62,40.68
25,66,ANI-00025,Figure Collection 0025,Figure,Limited,37.13,75.74
26,83,ANI-00026,Blu-ray Collection 0026,Blu-ray,Standard,77.13,180.04
27,100,ANI-00027,Apparel Collection 0027,Apparel,Exclusive,16.75,23.58
28,117,ANI-00028,Accessory Collection 0028,Accessory,Limited,70.9,107.75
29,134,ANI-00029,Poster Collection 0029,Poster,Standard,3.37,7.36
30,151,ANI-00030,Figure Collection 0030,Figure,Exclusive,30.56,52.47
31,168,ANI-00031,Blu-ray Collection 0031,Blu-ray,Limited,3.2,4.76
32,185,ANI-00032,Apparel Collection 0032,Apparel,Standard,12.0,17.16
33,202,ANI-00033,Accessory Collection 0033,Accessory,Exclusive,64.41,156.65
34,219,ANI-00034,Poster Collection 0034,Poster,Limited,60.97,100.43
35,236,ANI-00035,Figure Collection 0035,Figure,Standard,32.73,68.47
36,253,ANI-00036,Blu-ray Collection 0036,Blu-ray,Exclusive,39.45,70.09
37,270,ANI-00037,Apparel Collection 0037,Apparel,Limited,89.12,140.12
38,287,ANI-00038,Accessory Collection 0038,Accessory,Standard,84.48,142.49
39,304,ANI-00039,Poster Collection 0039,Poster,Exclusive,46.64,97.04
40,,ANI-00040,Figure Collection 0040,Figure,Limited,83.33,125.97
41,338,ANI-00041,Blu-ray Collection 0041,Blu-ray,Standard,54.62,125.06
42,355,ANI-00042,Apparel Collection 0042,Apparel,Exclusive,68.16,147.65
43,12,ANI-00043,Accessory Collection 0043,Accessory,Limited,88.19,198.62
44,29,ANI-00044,Poster Collection 0044,Poster,Standard,60.07,121.74
45,46,ANI-00045,Figure Collection 0045,Figure,Exclusive,18.08,46.72
46,63,ANI-00046,Blu-ray Collection 0046,Blu-ray,Limited,84.75,152.97
47,80,ANI-00047,Apparel Collection 0047,Apparel,Standard,33.07,62.37
48,97,ANI-00048,Accessory Collection 0048,Accessory,Exclusive,46.62,96.47
49,114,ANI-00049,Poster Collection 0049,Poster,Limited,50.63,111.43
50,131,ANI-00050,Figure Collection 0050,Figure,Standard,14.86,29.5
51,148,ANI-00051,Blu-ray Collection 0051,Blu-ray,Exclusive,13.03,28.89
52,165,ANI-00052,Apparel Collection 0052,Apparel,Limited,13.58,33.4
53,182,ANI-00053,Accessory Collection 0053,Accessory,Standard,43.09,97.63
54,199,ANI-00054,Poster Collection 0054,Poster,Exclusive,81.1,143.68
55,216,ANI-00055,Figure Collection 0055,Figure,Limited,62.68,155.22
56,233,ANI-00056,Blu-ray Collection 0056,Blu-ray,Standard,89.84,128.93
57,250,ANI-00057,Apparel Collection 0057,Apparel,Exclusive,25.0,35.5
58,267,ANI-00058,Accessory Collection 0058,Accessory,Limited,14.95,33.65
59,284,ANI-00059,Poster Collection 0059,Poster,Standard,7.4,19.15
60,,ANI-00060,Figure Collection 0060,Figure,Exclusive,9.81,15.62
61,318,ANI-00061,Blu-ray Collection 0061,Blu-ray,Limited,20.24,41.53
62,335,ANI-00062,Apparel Collection 0062,Apparel,Standard,35.83,76.99
63,352,ANI-00063,Accessory Collection 0063,Accessory,Exclusive,5.19,9.67
64,9,ANI-00064,Poster Collection 0064,Poster,Limited,14.73,36.67
65,26,ANI-00065,Figure Collection 0065,Figure,Standard,56.86,79.55
66,43,ANI-00066,Blu-ray Collection 0066,Blu-ray,Exclusive,10.34,22.25
67,60,ANI-00067,Apparel Collection 0067,Apparel,Limited,10.18,23.26
68,77,ANI-00068,Accessory Collection 0068,Accessory,Standard,78.88,176.48
69,94,ANI-00069,Poster Collection 0069,Poster,Exclusive,81.96,128.92
70,111,ANI-00070,Figure Collection 0070,Figure,Limited,41.32,89.78
71,128,ANI-00071,Blu-ray Collection 0071,Blu-ray,Standard,13.57,26.38
72,145,ANI-00072,Apparel Collection 0072,Apparel,Exclusive,2.55,6.01
73,162,ANI-00073,Accessory Collection 0073,Accessory,Limited,50.02,82.14
74,179,ANI-00074,Poster Collection 0074,Poster,Standard,24.91,63.57
75,196,ANI-00075,Figure Collection 0075,Figure,Exclusive,10.68,25.37
76,213,ANI-00076,Blu-ray Collection 0076,Blu-ray,Limited,28.88,69.38
77,230,ANI-00077,Apparel Collection 0077,Apparel,Standard,38.28,60.14
78,247,ANI-00078,Accessory Collection 0078,Accessory,Exclusive,43.99,88.13
79,264,ANI-00079,Poster Collection 0079,Poster,Limited,59.52,142.28
80,,ANI-00080,Figure Collection 0080,Figure,Standard,45.35,73.06
81,298,ANI-00081,Blu-ray Collection 0081,Blu-ray,Exclusive,51.23,84.62
82,315,ANI-00082,Apparel Collection 0082,Apparel,Limited,81.38,141.38
83,332,ANI-00083,Accessory Collection 0083,Accessory,Standard,66.46,171.58
84,349,ANI-00084,Poster Collection 0084,Poster,Exclusive,89.58,210.76
85,6,ANI-00085,Figure Collection 0085,Figure,Limited,11.45,26.11
86,23,ANI-00086,Blu-ray Collection 0086,Blu-ray,Standard,34.5,85.4
87,40,ANI-00087,Apparel Collection 0087,Apparel,Exclusive,70.85,108.66
88,57,ANI-00088,Accessory Collection 0088,Accessory,Limited,87.55,132.95
89,74,ANI-00089,Poster Collection 0089,Poster,Standard,37.56,87.48
90,91,ANI-00090,Figure Collection 0090,Figure,Exclusive,72.96,130.63
91,108,ANI-00091,Blu-ray Collection 0091,Blu-ray,Limited,27.17,64.71
92,125,ANI-00092,Apparel Collection 0092,Apparel,Standard,56.03,104.52
93,142,ANI-00093,Accessory Collection 0093,Accessory,Exclusive,61.45,142.92
94,159,ANI-00094,Poster Collection 0094,Poster,Limited,26.74,68.55
95,176,ANI-00095,Figure Collection 0095,Figure,Standard,75.0,185.88
96,193,ANI-00096,Blu-ray Collection 0096,Blu-ray,Exclusive,25.39,44.64
97,210,ANI-00097,Apparel Collection 0097,Apparel,Limited,36.28,70.07
98,227,ANI-00098,Accessory Collection 0098,Accessory,Standard,27.33,38.61
99,244,ANI-00099,Poster Collection 0099,Poster,Exclusive,7.63,14.59
100,,ANI-00100,Figure Collection 0100,Figure,Limited,39.87,89.78
101,278,ANI-00101,Blu-ray Collection 0101,Blu-ray,Standard,20.57,36.55
102,295,ANI-00102,Apparel Collection 0102,Apparel,Exclusive,14.76,30.72
103,312,ANI-00103,Accessory Collection 0103,Accessory,Limited,28.68,46.16
104,329,ANI-00104,Poster Collection 0104,Poster,Standard,17.42,40.88
105,346,ANI-00105,Figure Collection 0105,Figure,Exclusive,6.26,10.07
106,3,ANI-00106,Blu-ray Collection 0106,Blu-ray,Limited,50.8,80.09
107,20,ANI-00107,Apparel Collection 0107,Apparel,Standard,20.42,30.66
108,37,ANI-00108,Accessory Collection 0108,Accessory,Exclusive,80.24,161.8
109,54,ANI-00109,Poster Collection 0109,Poster,Limited,14.55,37.52
110,71,ANI-00110,Figure Collection 0110,Figure,Standard,86.73,221.15
111,88,ANI-00111,Blu-ray Collection 0111,Blu-ray,Exclusive,58.5,85.2
112,105,ANI-00112,Apparel Collection 0112,Apparel,Limited,6.18,10.83
113,122,ANI-00113,Accessory Collection 0113,Accessory,Standard,42.33,77.5
114,139,ANI-00114,Poster Collection 0114,Poster,Exclusive,64.5,132.36
115,156,ANI-00115,Figure Collection 0115,Figure,Limited,87.75,128.49
116,173,ANI-00116,Blu-ray Collection 0116,Blu-ray,Standard,84.57,184.36
117,190,ANI-00117,Apparel Collection 0117,Apparel,Exclusive,66.22,148.41
118,207,ANI-00118,Accessory Collection 0118,Accessory,Limited,31.2,51.0
119,224,ANI-00119,Poster Collection 0119,Poster,Standard,10.01,18.09
120,,ANI-00120,Figure Collection 0120,Figure,Exclusive,36.15,83.97
121,258,ANI-00121,Blu-ray Collection 0121,Blu-ray,Limited,50.08,76.17
122,275,ANI-00122,Apparel Collection 0122,Apparel,Standard,31.58,82.03
123,292,ANI-00123,Accessory Collection 0123,Accessory,Exclusive,23.73,34.68
124,309,ANI-00124,Poster Collection 0124,Poster,Limited,8.34,15.98
125,326,ANI-00125,Figure Collection 0125,Figure,Standard,12.71,30.52
126,343,ANI-00126,Blu-ray Collection 0126,Blu-ray,Exclusive,57.19,132.25
127,360,ANI-00127,Apparel Collection 0127,Apparel,Limited,79.7,185.66
128,17,ANI-00128,Accessory Collection 0128,Accessory,Standard,39.81,92.33
129,34,ANI-00129,Poster Collection 0129,Poster,Exclusive,86.35,165.51
130,51,ANI-00130,Figure Collection 0130,Figure,Limited,58.43,121.05
131,68,ANI-00131,Blu-ray Collection 0131,Blu-ray,Standard,70.37,150.42
132,85,ANI-00132,Apparel Collection 0132,Apparel,Exclusive,62.43,101.64
133,102,ANI-00133,Accessory Collection 0133,Accessory,Limited,28.34,57.55
134,119,ANI-00134,Poster Collection 0134,Poster,Standard,38.0,58.64
135,136,ANI-00135,Figure Collection 0135,Figure,Exclusive,77.18,199.65
136,153,ANI-00136,Blu-ray Collection 0136,Blu-ray,Limited,19.09,35.62
137,170,ANI-00137,Apparel Collection 0137,Apparel,Standard,11.97,27.17
138,187,ANI-00138,Accessory Collection 0138,Accessory,Exclusive,89.01,223.31
139,204,ANI-00139,Poster Collection 0139,Poster,Limited,13.27,30.77
140,,ANI-00140,Figure Collection 0140,Figure,Standard,10.14,22.7
141,238,ANI-00141,Blu-ray Collection 0141,Blu-ray,Exclusive,49.9,85.8
142,255,ANI-00142,Apparel Collection 0142,Apparel,Limited,23.56,37.43
143,272,ANI-00143,Accessory Collection 0143,Accessory,Standard,24.86,37.19
144,289,ANI-00144,Poster Collection 0144,Poster,Exclusive,87.98,147.22
145,306,ANI-00145,Figure Collection 0145,Figure,Limited,51.07,96.35
146,323,ANI-00146,Blu-ray Collection 0146,Blu-ray,Standard,26.13,41.78
147,340,ANI-00147,Apparel Collection 0147,Apparel,Exclusive,62.1,152.89
148,357,ANI-00148,Accessory Collection 0148,Accessory,Limited,31.19,51.29
149,14,ANI-00149,Poster Collection 0149,Poster,Standard,8.38,17.55
150,31,ANI-00150,Figure Collection 0150,Figure,Exclusive,9.09,19.56
151,48,ANI-00151,Blu-ray Collection 0151,Blu-ray,Limited,38.13,60.69
152,65,ANI-00152,Apparel Collection 0152,Apparel,Standard,88.96,213.65
153,82,ANI-00153,Accessory Collection 0153,Accessory,Exclusive,40.93,91.96
154,99,ANI-00154,Poster Collection 0154,Poster,Limited,87.24,127.33
155,116,ANI-00155,Figure Collection 0155,Figure,Standard,33.91,70.79
156,133,ANI-00156,Blu-ray Collection 0156,Blu-ray,Exclusive,50.63,77.51
157,150,ANI-00157,Apparel Collection 0157,Apparel,Limited,42.94,72.89
158,167,ANI-00158,Accessory Collection 0158,Accessory,Standard,41.24,86.92
159,184,ANI-00159,Poster Collection 0159,Poster,Exclusive,16.39,29.79
160,,ANI-00160,Figure Collection 0160,Figure,Limited,23.46,36.52
161,218,ANI-00161,Blu-ray Collection 0161,Blu-ray,Standard,58.25,126.59
162,235,ANI-00162,Apparel Collection 0162,Apparel,Exclusive,87.95,225.37
163,252,ANI-00163,Accessory Collection 0163,Accessory,Limited,88.11,166.02
164,269,ANI-00164,Poster Collection 0164,Poster,Standard,63.83,118.74
165,286,ANI-00165,Figure Collection 0165,Figure,Exclusive,80.86,123.33
166,303,ANI-00166,Blu-ray Collection 0166,Blu-ray,Limited,81.79,113.66
167,320,ANI-00167,Apparel Collection 0167,Apparel,Standard,53.94,96.15
168,337,ANI-00168,Accessory Collection 0168,Accessory,Exclusive,31.11,43.7
169,354,ANI-00169,Poster Collection 0169,Poster,Limited,74.49,116.68
170,11,ANI-00170,Figure Collection 0170,Figure,Standard,26.16,39.73
171,28,ANI-00171,Blu-ray Collection 0171,Blu-ray,Exclusive,87.81,186.06
172,45,ANI-00172,Apparel Collection 0172,Apparel,Limited,15.31,24.19
173,62,ANI-00173,Accessory Collection 0173,Accessory,Standard,12.84,31.83
174,79,ANI-00174,Poster Collection 0174,Poster,Exclusive,76.16,115.29
175,96,ANI-00175,Figure Collection 0175,Figure,Limited,63.2,117.71
176,113,ANI-00176,Blu-ray Collection 0176,Blu-ray,Standard,26.03,46.87
177,130,ANI-00177,Apparel Collection 0177,Apparel,Exclusive,87.06,129.78
178,147,ANI-00178,Accessory Collection 0178,Accessory,Limited,49.54,103.72
179,164,ANI-00179,Poster Collection 0179,Poster,Standard,46.89,102.18
180,,ANI-00180,Figure Collection 0180,Figure,Exclusive,64.99,144.5
181,198,ANI-00181,Blu-ray Collection 0181,Blu-ray,Limited,60.93,104.48
182,215,ANI-00182,Apparel Collection 0182,Apparel,Standard,31.38,46.28
183,232,ANI-00183,Accessory Collection 0183,Accessory,Exclusive,39.06,97.86
184,249,ANI-00184,Poster Collection 0184,Poster,Limited,62.64,96.14
185,266,ANI-00185,Figure Collection 0185,Figure,Standard,70.72,102.92
186,283,ANI-00186,Blu-ray Collection 0186,Blu-ray,Exclusive,69.41,113.06
187,300,ANI-00187,Apparel Collection 0187,Apparel,Limited,58.56,83.92
188,317,ANI-00188,Accessory Collection 0188,Accessory,Standard,60.2,93.34
189,334,ANI-00189,Poster Collection 0189,Poster,Exclusive,53.67,87.05
190,351,ANI-00190,Figure Collection 0190,Figure,Limited,35.47,81.6
191,8,ANI-00191,Blu-ray Collection 0191,Blu-ray,Standard,32.3,70.53
192,25,ANI-00192,Apparel Collection 0192,Apparel,Exclusive,43.54,90.35
193,42,ANI-00193,Accessory Collection 0193,Accessory,Limited,54.93,121.7
194,59,ANI-00194,Poster Collection 0194,Poster,Standard,73.0,180.45
195,76,ANI-00195,Figure Collection 0195,Figure,Exclusive,41.94,98.16
196,93,ANI-00196,Blu-ray Collection 0196,Blu-ray,Limited,49.34,75.35
197,110,ANI-00197,Apparel Collection 0197,Apparel,Standard,47.42,84.43
198,127,ANI-00198,Accessory Collection 0198,Accessory,Exclusive,58.21,86.82
199,144,ANI-00199,Poster Collection 0199,Poster,Limited,44.71,92.0
200,,ANI-00200,Figure Collection 0200,Figure,Standard,48.98,80.24
201,178,ANI-00201,Blu-ray Collection 0201,Blu-ray,Exclusive,63.35,142.57
202,195,ANI-00202,Apparel Collection 0202,Apparel,Limited,41.21,65.55
203,212,ANI-00203,Accessory Collection 0203,Accessory,Standard,80.23,194.9
204,229,ANI-00204,Poster Collection 0204,Poster,Exclusive,28.8,70.36
205,246,ANI-00205,Figure Collection 0205,Figure,Limited,66.39,153.76
206,263,ANI-00206,Blu-ray Collection 0206,Blu-ray,Standard,37.11,85.82
207,280,ANI-00207,Apparel Collection 0207,Apparel,Exclusive,53.4,100.51
208,297,ANI-00208,Accessory Collection 0208,Accessory,Limited,60.92,125.4
209,314,ANI-00209,Poster Collection 0209,Poster,Standard,17.13,23.93
210,331,ANI-00210,Figure Collection 0210,Figure,Exclusive,29.51,62.08
211,348,ANI-00211,Blu-ray Collection 0211,Blu-ray,Limited,42.44,104.09
212,5,ANI-00212,Apparel Collection 0212,Apparel,Standard,6.17,12.36
213,22,ANI-00213,Accessory Collection 0213,Accessory,Exclusive,4.55,7.19
214,39,ANI-00214,Poster Collection 0214,Poster,Limited,53.77,81.1
215,56,ANI-00215,Figure Collection 0215,Figure,Standard,52.02,86.72
216,73,ANI-00216,Blu-ray Collection 0216,Blu-ray,Exclusive,68.9,110.15
217,90,ANI-00217,Apparel Collection 0217,Apparel,Limited,49.37,102.61
218,107,ANI-00218,Accessory Collection 0218,Accessory,Standard,14.35,20.95
219,124,ANI-00219,Poster Collection 0219,Poster,Exclusive,79.31,177.6
220,,ANI-00220,Figure Collection 0220,Figure,Limited,87.2,210.89
221,158,ANI-00221,Blu-ray Collection 0221,Blu-ray,Standard,29.24,50.98
222,175,ANI-00222,Apparel Collection 0222,Apparel,Exclusive,67.67,121.95
223,192,ANI-00223,Accessory Collection 0223,Accessory,Limited,38.16,83.62
224,209,ANI-00224,Poster Collection 0224,Poster,Standard,56.66,128.85
225,226,ANI-00225,Figure Collection 0225,Figure,Exclusive,64.84,144.21
226,243,ANI-00226,Blu-ray Collection 0226,Blu-ray,Limited,54.44,90.43
227,260,ANI-00227,Apparel Collection 0227,Apparel,Standard,88.87,186.72
228,277,ANI-00228,Accessory Collection 0228,Accessory,Exclusive,28.24,47.58
229,294,ANI-00229,Poster Collection 0229,Poster,Limited,52.05,75.32
230,311,ANI-00230,Figure Collection 0230,Figure,Standard,24.35,62.24
231,328,ANI-00231,Blu-ray Collection 0231,Blu-ray,Exclusive,39.18,61.39
232,345,ANI-00232,Apparel Collection 0232,Apparel,Limited,44.23,80.19
233,2,ANI-00233,Accessory Collection 0233,Accessory,Standard,39.4,88.29
234,19,ANI-00234,Poster Collection 0234,Poster,Exclusive,61.78,143.0
235,36,ANI-00235,Figure Collection 0235,Figure,Limited,62.64,146.98
236,53,ANI-00236,Blu-ray Collection 0236,Blu-ray,Standard,3.3,5.26
237,70,ANI-00237,Apparel Collection 0237,Apparel,Exclusive,55.01,102.87
238,87,ANI-00238,Accessory Collection 0238,Accessory,Limited,29.75,60.72
239,104,ANI-00239,Poster Collection 0239,Poster,Standard,27.68,67.88
240,,ANI-00240,Figure Collection 0240,Figure,Exclusive,17.11,37.47
241,138,ANI-00241,Blu-ray Collection 0241,Blu-ray,Limited,57.3,98.2
242,155,ANI-00242,Apparel Collection 0242,Apparel,Standard,41.49,91.12
243,172,ANI-00243,Accessory Collection 0243,Accessory,Exclusive,29.42,48.83
244,189,ANI-00244,Poster Collection 0244,Poster,Limited,67.02,118.35
245,206,ANI-00245,Figure Collection 0245,Figure,Standard,6.28,9.46
246,223,ANI-00246,Blu-ray Collection 0246,Blu-ray,Exclusive,64.82,135.17
247,240,ANI-00247,Apparel Collection 0247,Apparel,Limited,24.43,48.57
248,257,ANI-00248,Accessory Collection 0248,Accessory,Standard,60.06,128.03
249,274,ANI-00249,Poster Collection 0249,Poster,Exclusive,70.79,142.53
250,291,ANI-00250,Figure Collection 0250,Figure,Limited,23.8,40.87
251,308,ANI-00251,Blu-ray Collection 0251,Blu-ray,Standard,11.46,15.75
252,325,ANI-00252,Apparel Collection 0252,Apparel,Exclusive,50.78,74.0
253,342,ANI-00253,Accessory Collection 0253,Accessory,Limited,53.92,92.02
254,359,ANI-00254,Poster Collection 0254,Poster,Standard,85.87,220.7
255,16,ANI-00255,Figure Collection 0255,Figure,Exclusive,68.9,112.8
256,33,ANI-00256,Blu-ray Collection 0256,Blu-ray,Limited,50.5,98.43
257,50,ANI-00257,Apparel Collection 0257,Apparel,Standard,42.54,88.0
258,67,ANI-00258,Accessory Collection 0258,Accessory,Exclusive,2.56,3.99
259,84,ANI-00259,Poster Collection 0259,Poster,Limited,68.05,167.92
260,,ANI-00260,Figure Collection 0260,Figure,Standard,80.52,173.74
261,118,ANI-00261,Blu-ray Collection 0261,Blu-ray,Exclusive,9.13,15.75
262,135,ANI-00262,Apparel Collection 0262,Apparel,Limited,32.03,70.57
263,152,ANI-00263,Accessory Collection 0263,Accessory,Standard,44.73,110.4
264,169,ANI-00264,Poster Collection 0264,Poster,Exclusive,63.43,94.45
265,186,ANI-00265,Figure Collection 0265,Figure,Limited,80.85,134.7
266,203,ANI-00266,Blu-ray Collection 0266,Blu-ray,Standard,34.94,61.95
267,220,ANI-00267,Apparel Collection 0267,Apparel,Exclusive,68.72,152.52
268,237,ANI-00268,Accessory Collection 0268,Accessory,Limited,21.3,40.62
269,254,ANI-00269,Poster Collection 0269,Poster,Standard,87.77,225.78
270,271,ANI-00270,Figure Collection 0270,Figure,Exclusive,21.04,31.06
271,288,ANI-00271,Blu-ray Collection 0271,Blu-ray,Limited,51.16,77.48
272,305,ANI-00272,Apparel Collection 0272,Apparel,Standard,62.55,102.3
273,322,ANI-00273,Accessory Collection 0273,Accessory,Exclusive,72.14,172.13
274,339,ANI-00274,Poster Collection 0274,Poster,Limited,55.54,86.9
275,356,ANI-00275,Figure Collection 0275,Figure,Standard,5.38,9.44
276,13,ANI-00276,Blu-ray Collection 0276,Blu-ray,Exclusive,89.72,218.72
277,30,ANI-00277,Apparel Collection 0277,Apparel,Limited,52.01,93.17
278,47,ANI-00278,Accessory Collection 0278,Accessory,Standard,52.92,97.91
279,64,ANI-00279,Poster Collection 0279,Poster,Exclusive,35.87,52.14
280,,ANI-00280,Figure Collection 0280,Figure,Limited,38.13,52.45
281,98,ANI-00281,Blu-ray Collection 0281,Blu-ray,Standard,63.97,121.76
282,115,ANI-00282,Apparel Collection 0282,Apparel,Exclusive,54.37,89.13
283,132,ANI-00283,Accessory Collection 0283,Accessory,Limited,52.99,117.21
284,149,ANI-00284,Poster Collection 0284,Poster,Standard,37.41,74.67
285,166,ANI-00285,Figure Collection 0285,Figure,Exclusive,88.16,181.31
286,183,ANI-00286,Blu-ray Collection 0286,Blu-ray,Limited,32.8,82.73
287,200,ANI-00287,Apparel Collection 0287,Apparel,Standard,23.09,51.32
288,217,ANI-00288,Accessory Collection 0288,Accessory,Exclusive,83.35,175.89
289,234,ANI-00289,Poster Collection 0289,Poster,Limited,65.65,161.94
290,251,ANI-00290,Figure Collection 0290,Figure,Standard,81.55,193.77
291,268,ANI-00291,Blu-ray Collection 0291,Blu-ray,Exclusive,40.66,59.2
292,285,ANI-00292,Apparel Collection 0292,Apparel,Limited,69.79,131.23
293,302,ANI-00293,Accessory Collection 0293,Accessory,Standard,52.76,115.59
294,319,ANI-00294,Poster Collection 0294,Poster,Exclusive,88.77,120.93
295,336,ANI-00295,Figure Collection 0295,Figure,Limited,86.74,152.66
296,353,ANI-00296,Blu-ray Collection 0296,Blu-ray,Standard,28.45,49.52
297,10,ANI-00297,Apparel Collection 0297,Apparel,Exclusive,17.93,32.24
298,27,ANI-00298,Accessory Collection 0298,Accessory,Limited,19.06,40.69
299,44,ANI-00299,Poster Collection 0299,Poster,Standard,4.95,9.97
300,,ANI-00300,Figure Collection 0300,Figure,Exclusive,57.61,111.75
301,78,ANI-00301,Blu-ray Collection 0301,Blu-ray,Limited,43.96,85.63
302,95,ANI-00302,Apparel Collection 0302,Apparel,Standard,68.57,117.36
303,112,ANI-00303,Accessory Collection 0303,Accessory,Exclusive,36.45,52.15
304,129,ANI-00304,Poster Collection 0304,Poster,Limited,79.78,135.54
305,146,ANI-00305,Figure Collection 0305,Figure,Standard,48.95,88.16
306,163,ANI-00306,Blu-ray Collection 0306,Blu-ray,Exclusive,81.91,113.21
307,180,ANI-00307,Apparel Collection 0307,Apparel,Limited,45.89,62.52
308,197,ANI-00308,Accessory Collection 0308,Accessory,Standard,66.98,148.9
309,214,ANI-00309,Poster Collection 0309,Poster,Exclusive,30.84,56.92
310,231,ANI-00310,Figure Collection 0310,Figure,Limited,71.71,166.58
311,248,ANI-00311,Blu-ray Collection 0311,Blu-ray,Standard,86.83,161.93
312,265,ANI-00312,Apparel Collection 0312,Apparel,Exclusive,62.02,129.94
313,282,ANI-00313,Accessory Collection 0313,Accessory,Limited,72.61,100.59
314,299,ANI-00314,Poster Collection 0314,Poster,Standard,29.67,53.71
315,316,ANI-00315,Figure Collection 0315,Figure,Exclusive,28.54,73.47
316,333,ANI-00316,Blu-ray Collection 0316,Blu-ray,Limited,42.47,97.37
317,350,ANI-00317,Apparel Collection 0317,Apparel,Standard,29.26,66.7
318,7,ANI-00318,Accessory Collection 0318,Accessory,Exclusive,44.64,96.96
319,24,ANI-00319,Poster Collection 0319,Poster,Limited,27.0,66.65
320,,ANI-00320,Figure Collection 0320,Figure,Standard,75.53,133.57
321,58,ANI-00321,Blu-ray Collection 0321,Blu-ray,Exclusive,35.92,88.62
322,75,ANI-00322,Apparel Collection 0322,Apparel,Limited,18.97,31.69
323,92,ANI-00323,Accessory Collection 0323,Accessory,Standard,77.2,111.7
324,109,ANI-00324,Poster Collection 0324,Poster,Exclusive,80.55,170.43
325,126,ANI-00325,Figure Collection 0325,Figure,Limited,52.49,103.07
326,143,ANI-00326,Blu-ray Collection 0326,Blu-ray,Standard,68.66,100.44
327,160,ANI-00327,Apparel Collection 0327,Apparel,Exclusive,11.76,28.65
328,177,ANI-00328,Accessory Collection 0328,Accessory,Limited,17.37,34.02
329,194,ANI-00329,Poster Collection 0329,Poster,Standard,41.4,72.06
330,211,ANI-00330,Figure Collection 0330,Figure,Exclusive,47.24,89.87
331,228,ANI-00331,Blu-ray Collection 0331,Blu-ray,Limited,76.53,169.5
332,245,ANI-00332,Apparel Collection 0332,Apparel,Standard,24.35,42.28
333,262,ANI-00333,Accessory Collection 0333,Accessory,Exclusive,57.92,129.09
334,279,ANI-00334,Poster Collection 0334,Poster,Limited,75.47,167.87
335,296,ANI-00335,Figure Collection 0335,Figure,Standard,12.1,23.78
336,313,ANI-00336,Blu-ray Collection 0336,Blu-ray,Exclusive,63.42,91.64
337,330,ANI-00337,Apparel Collection 0337,Apparel,Limited,30.57,68.63
338,347,ANI-00338,Accessory Collection 0338,Accessory,Standard,21.27,50.74
339,4,ANI-00339,Poster Collection 0339,Poster,Exclusive,78.2,141.46
340,,ANI-00340,Figure Collection 0340,Figure,Limited,47.43,117.21
341,38,ANI-00341,Blu-ray Collection 0341,Blu-ray,Standard,67.33,153.37
342,55,ANI-00342,Apparel Collection 0342,Apparel,Exclusive,79.88,173.87
343,72,ANI-00343,Accessory Collection 0343,Accessory,Limited,48.65,86.07
344,89,ANI-00344,Poster Collection 0344,Poster,Standard,43.34,59.29
345,106,ANI-00345,Figure Collection 0345,Figure,Exclusive,4.58,11.1
346,123,ANI-00346,Blu-ray Collection 0346,Blu-ray,Limited,82.88,170.33
347,140,ANI-00347,Apparel Collection 0347,Apparel,Standard,30.13,56.23
348,157,ANI-00348,Accessory Collection 0348,Accessory,Exclusive,79.47,168.46
349,174,ANI-00349,Poster Collection 0349,Poster,Limited,75.85,196.55
350,191,ANI-00350,Figure Collection 0350,Figure,Standard,10.49,18.21
351,208,ANI-00351,Blu-ray Collection 0351,Blu-ray,Exclusive,24.0,48.73
352,225,ANI-00352,Apparel Collection 0352,Apparel,Limited,24.36,44.92
353,242,ANI-00353,Accessory Collection 0353,Accessory,Standard,64.21,96.29
354,259,ANI-00354,Poster Collection 0354,Poster,Exclusive,9.66,23.2
355,276,ANI-00355,Figure Collection 0355,Figure,Limited,23.21,37.08
356,293,ANI-00356,Blu-ray Collection 0356,Blu-ray,Standard,81.44,199.58
357,310,ANI-00357,Apparel Collection 0357,Apparel,Exclusive,45.43,92.71
358,327,ANI-00358,Accessory Collection 0358,Accessory,Limited,25.0,39.58
359,344,ANI-00359,Poster Collection 0359,Poster,Standard,11.27,18.06
360,,ANI-00360,Figure Collection 0360,Figure,Exclusive,61.04,125.47
361,18,ANI-00361,Blu-ray Collection 0361,Blu-ray,Limited,47.59,107.03
362,35,ANI-00362,Apparel Collection 0362,Apparel,Standard,81.75,153.17
363,52,ANI-00363,Accessory Collection 0363,Accessory,Exclusive,39.92,97.75
364,69,ANI-00364,Poster Collection 0364,Poster,Limited,85.17,177.04
365,86,ANI-00365,Figure Collection 0365,Figure,Standard,87.3,213.84
366,103,ANI-00366,Blu-ray Collection 0366,Blu-ray,Exclusive,50.49,80.29
367,120,ANI-00367,Apparel Collection 0367,Apparel,Limited,6.89,11.19
368,137,ANI-00368,Accessory Collection 0368,Accessory,Standard,17.03,32.85
369,154,ANI-00369,Poster Collection 0369,Poster,Exclusive,7.63,17.96
370,171,ANI-00370,Figure Collection 0370,Figure,Limited,58.87,137.53
371,188,ANI-00371,Blu-ray Collection 0371,Blu-ray,Standard,31.11,77.82
372,205,ANI-00372,Apparel Collection 0372,Apparel,Exclusive,85.44,116.35
373,222,ANI-00373,Accessory Collection 0373,Accessory,Limited,7.91,11.59
374,239,ANI-00374,Poster Collection 0374,Poster,Standard,24.12,43.51
375,256,ANI-00375,Figure Collection 0375,Figure,Exclusive,21.02,34.1
376,273,ANI-00376,Blu-ray Collection 0376,Blu-ray,Limited,42.16,100.87
377,290,ANI-00377,Apparel Collection 0377,Apparel,Standard,45.33,71.31
378,307,ANI-00378,Accessory Collection 0378,Accessory,Exclusive,16.61,40.14
379,324,ANI-00379,Poster Collection 0379,Poster,Limited,58.83,104.51
380,,ANI-00380,Figure Collection 0380,Figure,Standard,80.3,128.94
381,358,ANI-00381,Blu-ray Collection 0381,Blu-ray,Exclusive,47.1,80.38
382,15,ANI-00382,Apparel Collection 0382,Apparel,Limited,59.81,146.19
383,32,ANI-00383,Accessory Collection 0383,Accessory,Standard,30.08,58.63
384,49,ANI-00384,Poster Collection 0384,Poster,Exclusive,3.76,7.62
385,66,ANI-00385,Figure Collection 0385,Figure,Limited,71.03,137.33
386,83,ANI-00386,Blu-ray Collection 0386,Blu-ray,Standard,81.45,208.9
387,100,ANI-00387,Apparel Collection 0387,Apparel,Exclusive,77.16,157.86
388,117,ANI-00388,Accessory Collection 0388,Accessory,Limited,60.34,138.02
389,134,ANI-00389,Poster Collection 0389,Poster,Standard,18.38,32.8
390,151,ANI-00390,Figure Collection 0390,Figure,Exclusive,44.38,84.65
391,168,ANI-00391,Blu-ray Collection 0391,Blu-ray,Limited,58.88,99.5
392,185,ANI-00392,Apparel Collection 0392,Apparel,Standard,53.97,93.48
393,202,ANI-00393,Accessory Collection 0393,Accessory,Exclusive,29.67,62.8
394,219,ANI-00394,Poster Collection 0394,Poster,Limited,60.98,102.18
395,236,ANI-00395,Figure Collection 0395,Figure,Standard,38.34,61.63
396,253,ANI-00396,Blu-ray Collection 0396,Blu-ray,Exclusive,48.12,84.66
397,270,ANI-00397,Apparel Collection 0397,Apparel,Limited,61.4,136.6
398,287,ANI-00398,Accessory Collection 0398,Accessory,Standard,6.32,10.41
399,304,ANI-00399,Poster Collection 0399,Poster,Exclusive,84.51,166.63
400,,ANI-00400,Figure Collection 0400,Figure,Limited,51.78,124.86
401,338,ANI-00401,Blu-ray Collection 0401,Blu-ray,Standard,21.45,33.54
402,355,ANI-00402,Apparel Collection 0402,Apparel,Exclusive,3.59,5.81
403,12,ANI-00403,Accessory Collection 0403,Accessory,Limited,55.82,95.3
404,29,ANI-00404,Poster Collection 0404,Poster,Standard,44.04,65.95
405,46,ANI-00405,Figure Collection 0405,Figure,Exclusive,81.79,179.51
406,63,ANI-00406,Blu-ray Collection 0406,Blu-ray,Limited,18.87,29.52
407,80,ANI-00407,Apparel Collection 0407,Apparel,Standard,74.92,146.1
408,97,ANI-00408,Accessory Collection 0408,Accessory,Exclusive,34.4,73.82
409,114,ANI-00409,Poster Collection 0409,Poster,Limited,34.24,48.18
410,131,ANI-00410,Figure Collection 0410,Figure,Standard,47.55,104.63
411,148,ANI-00411,Blu-ray Collection 0411,Blu-ray,Exclusive,50.74,126.56
412,165,ANI-00412,Apparel Collection 0412,Apparel,Limited,58.23,84.62
413,182,ANI-00413,Accessory Collection 0413,Accessory,Standard,61.01,86.18
414,199,ANI-00414,Poster Collection 0414,Poster,Exclusive,43.88,62.15
415,216,ANI-00415,Figure Collection 0415,Figure,Limited,19.46,41.25
416,233,ANI-00416,Blu-ray Collection 0416,Blu-ray,Standard,72.62,155.48
417,250,ANI-00417,Apparel Collection 0417,Apparel,Exclusive,22.13,31.86
418,267,ANI-00418,Accessory Collection 0418,Accessory,Limited,80.69,109.61
419,284,ANI-00419,Poster Collection 0419,Poster,Standard,77.81,200.52
420,,ANI-00420,Figure Collection 0420,Figure,Exclusive,81.19,134.1
421,318,ANI-00421,Blu-ray Collection 0421,Blu-ray,Limited,5.58,11.32
422,335,ANI-00422,Apparel Collection 0422,Apparel,Standard,48.72,122.14
423,352,ANI-00423,Accessory Collection 0423,Accessory,Exclusive,89.56,211.19
424,9,ANI-00424,Poster Collection 0424,Poster,Limited,19.69,49.22
425,26,ANI-00425,Figure Collection 0425,Figure,Standard,83.64,202.7
426,43,ANI-00426,Blu-ray Collection 0426,Blu-ray,Exclusive,2.97,5.95
427,60,ANI-00427,Apparel Collection 0427,Apparel,Limited,74.62,130.49
428,77,ANI-00428,Accessory Collection 0428,Accessory,Standard,45.37,99.13
429,94,ANI-00429,Poster Collection 0429,Poster,Exclusive,30.16,55.43
430,111,ANI-00430,Figure Collection 0430,Figure,Limited,66.32,140.14
431,128,ANI-00431,Blu-ray Collection 0431,Blu-ray,Standard,82.99,187.0
432,145,ANI-00432,Apparel Collection 0432,Apparel,Exclusive,12.25,22.61
433,162,ANI-00433,Accessory Collection 0433,Accessory,Limited,24.46,54.58
434,179,ANI-00434,Poster Collection 0434,Poster,Standard,2.9,4.74
435,196,ANI-00435,Figure Collection 0435,Figure,Exclusive,41.42,61.81
436,213,ANI-00436,Blu-ray Collection 0436,Blu-ray,Limited,73.15,156.11
437,230,ANI-00437,Apparel Collection 0437,Apparel,Standard,28.53,52.89
438,247,ANI-00438,Accessory Collection 0438,Accessory,Exclusive,79.85,135.31
439,264,ANI-00439,Poster Collection 0439,Poster,Limited,14.16,31.44
440,,ANI-00440,Figure Collection 0440,Figure,Standard,27.07,40.65
441,298,ANI-00441,Blu-ray Collection 0441,Blu-ray,Exclusive,87.54,225.01
442,315,ANI-00442,Apparel Collection 0442,Apparel,Limited,22.6,51.67
443,332,ANI-00443,Accessory Collection 0443,Accessory,Standard,5.71,11.22
444,349,ANI-00444,Poster Collection 0444,Poster,Exclusive,11.87,25.06
445,6,ANI-00445,Figure Collection 0445,Figure,Limited,10.92,15.93
446,23,ANI-00446,Blu-ray Collection 0446,Blu-ray,Standard,3.75,9.03
447,40,ANI-00447,Apparel Collection 0447,Apparel,Exclusive,67.22,99.45
448,57,ANI-00448,Accessory Collection 0448,Accessory,Limited,56.95,135.39
449,74,ANI-00449,Poster Collection 0449,Poster,Standard,45.0,102.85
450,91,ANI-00450,Figure Collection 0450,Figure,Exclusive,75.1,148.95
451,108,ANI-00451,Blu-ray Collection 0451,Blu-ray,Limited,28.6,49.69
452,125,ANI-00452,Apparel Collection 0452,Apparel,Standard,15.12,23.08
453,142,ANI-00453,Accessory Collection 0453,Accessory,Exclusive,88.95,225.48
454,159,ANI-00454,Poster Collection 0454,Poster,Limited,83.85,183.77
455,176,ANI-00455,Figure Collection 0455,Figure,Standard,54.8,78.33
456,193,ANI-00456,Blu-ray Collection 0456,Blu-ray,Exclusive,14.37,23.32
457,210,ANI-00457,Apparel Collection 0457,Apparel,Limited,74.37,111.85
458,227,ANI-00458,Accessory Collection 0458,Accessory,Standard,16.45,34.47
459,244,ANI-00459,Poster Collection 0459,Poster,Exclusive,33.73,60.05
460,,ANI-00460,Figure Collection 0460,Figure,Limited,12.64,22.12
461,278,ANI-00461,Blu-ray Collection 0461,Blu-ray,Standard,78.36,111.48
462,295,ANI-00462,Apparel Collection 0462,Apparel,Exclusive,76.36,125.21
463,312,ANI-00463,Accessory Collection 0463,Accessory,Limited,7.17,11.11
464,329,ANI-00464,Poster Collection 0464,Poster,Standard,62.82,87.64
465,346,ANI-00465,Figure Collection 0465,Figure,Exclusive,39.02,63.61
466,3,ANI-00466,Blu-ray Collection 0466,Blu-ray,Limited,43.17,105.36
467,20,ANI-00467,Apparel Collection 0467,Apparel,Standard,75.07,151.73
468,37,ANI-00468,Accessory Collection 0468,Accessory,Exclusive,25.77,65.38
469,54,ANI-00469,Poster Collection 0469,Poster,Limited,8.79,12.75
470,71,ANI-00470,Figure Collection 0470,Figure,Standard,70.7,147.61
471,88,ANI-00471,Blu-ray Collection 0471,Blu-ray,Exclusive,4.17,9.49
472,105,ANI-00472,Apparel Collection 0472,Apparel,Limited,10.18,19.19
473,122,ANI-00473,Accessory Collection 0473,Accessory,Standard,81.12,176.25
474,139,ANI-00474,Poster Collection 0474,Poster,Exclusive,23.83,58.84
475,156,ANI-00475,Figure Collection 0475,Figure,Limited,80.25,192.55
476,173,ANI-00476,Blu-ray Collection 0476,Blu-ray,Standard,44.76,86.88
477,190,ANI-00477,Apparel Collection 0477,Apparel,Exclusive,49.13,104.41
478,207,ANI-00478,Accessory Collection 0478,Accessory,Limited,80.38,185.1
479,224,ANI-00479,Poster Collection 0479,Poster,Standard,68.11,95.19
480,,ANI-00480,Figure Collection 0480,Figure,Exclusive,50.94,98.1
481,258,ANI-00481,Blu-ray Collection 0481,Blu-ray,Limited,61.32,87.03
482,275,ANI-00482,Apparel Collection 0482,Apparel,Standard,21.73,32.36
483,292,ANI-00483,Accessory Collection 0483,Accessory,Exclusive,22.35,46.37
484,309,ANI-00484,Poster Collection 0484,Poster,Limited,56.05,114.09
485,326,ANI-00485,Figure Collection 0485,Figure,Standard,19.32,49.33
486,343,ANI-00486,Blu-ray Collection 0486,Blu-ray,Exclusive,46.83,74.31
487,360,ANI-00487,Apparel Collection 0487,Apparel,Limited,53.09,73.41
488,17,ANI-00488,Accessory Collection 0488,Accessory,Standard,9.3,19.54
489,34,ANI-00489,Poster Collection 0489,Poster,Exclusive,73.75,149.8
490,51,ANI-00490,Figure Collection 0490,Figure,Limited,17.41,40.03
491,68,ANI-00491,Blu-ray Collection 0491,Blu-ray,Standard,63.94,106.77
492,85,ANI-00492,Apparel Collection 0492,Apparel,Exclusive,42.71,106.6
493,102,ANI-00493,Accessory Collection 0493,Accessory,Limited,40.41,80.37
494,119,ANI-00494,Poster Collection 0494,Poster,Standard,6.17,13.27
495,136,ANI-00495,Figure Collection 0495,Figure,Exclusive,9.14,21.95
496,153,ANI-00496,Blu-ray Collection 0496,Blu-ray,Limited,6.72,16.15
497,170,ANI-00497,Apparel Collection 0497,Apparel,Standard,56.42,120.3
498,187,ANI-00498,Accessory Collection 0498,Accessory,Exclusive,51.15,91.79
499,204,ANI-00499,Poster Collection 0499,Poster,Limited,24.67,63.31
500,,ANI-00500,Figure Collection 0500,Figure,Standard,83.91,198.79
501,238,ANI-00501,Blu-ray Collection 0501,Blu-ray,Exclusive,84.26,128.44
502,255,ANI-00502,Apparel Collection 0502,Apparel,Limited,41.14,81.65
503,272,ANI-00503,Accessory Collection 0503,Accessory,Standard,35.5,61.29
504,289,ANI-00504,Poster Collection 0504,Poster,Exclusive,22.96,49.05
505,306,ANI-00505,Figure Collection 0505,Figure,Limited,14.22,25.53
506,323,ANI-00506,Blu-ray Collection 0506,Blu-ray,Standard,40.06,66.76
507,340,ANI-00507,Apparel Collection 0507,Apparel,Exclusive,34.64,56.93
508,357,ANI-00508,Accessory Collection 0508,Accessory,Limited,40.85,102.56
509,14,ANI-00509,Poster Collection 0509,Poster,Standard,69.96,129.17
510,31,ANI-00510,Figure Collection 0510,Figure,Exclusive,37.6,72.52
511,48,ANI-00511,Blu-ray Collection 0511,Blu-ray,Limited,50.3,113.55
512,65,ANI-00512,Apparel Collection 0512,Apparel,Standard,76.76,143.83
513,82,ANI-00513,Accessory Collection 0513,Accessory,Exclusive,27.67,43.25
514,99,ANI-00514,Poster Collection 0514,Poster,Limited,83.5,146.61
515,116,ANI-00515,Figure Collection 0515,Figure,Standard,19.28,32.42
516,133,ANI-00516,Blu-ray Collection 0516,Blu-ray,Exclusive,32.44,49.58
517,150,ANI-00517,Apparel Collection 0517,Apparel,Limited,40.88,96.6
518,167,ANI-00518,Accessory Collection 0518,Accessory,Standard,21.23,48.44
519,184,ANI-00519,Poster Collection 0519,Poster,Exclusive,10.24,26.41
520,,ANI-00520,Figure Collection 0520,Figure,Limited,68.78,146.58
521,218,ANI-00521,Blu-ray Collection 0521,Blu-ray,Standard,5.46,14.12
522,235,ANI-00522,Apparel Collection 0522,Apparel,Exclusive,55.73,117.09
523,252,ANI-00523,Accessory Collection 0523,Accessory,Limited,13.58,35.21
524,269,ANI-00524,Poster Collection 0524,Poster,Standard,66.38,98.04
525,286,ANI-00525,Figure Collection 0525,Figure,Exclusive,15.87,39.9
526,303,ANI-00526,Blu-ray Collection 0526,Blu-ray,Limited,25.28,60.91
527,320,ANI-00527,Apparel Collection 0527,Apparel,Standard,32.64,83.81
528,337,ANI-00528,Accessory Collection 0528,Accessory,Exclusive,73.43,178.64
529,354,ANI-00529,Poster Collection 0529,Poster,Limited,39.94,71.15
530,11,ANI-00530,Figure Collection 0530,Figure,Standard,39.41,91.28
531,28,ANI-00531,Blu-ray Collection 0531,Blu-ray,Exclusive,70.6,146.93
532,45,ANI-00532,Apparel Collection 0532,Apparel,Limited,16.86,25.95
533,62,ANI-00533,Accessory Collection 0533,Accessory,Standard,55.06,101.84
534,79,ANI-00534,Poster Collection 0534,Poster,Exclusive,60.86,104.14
535,96,ANI-00535,Figure Collection 0535,Figure,Limited,41.45,73.08
536,113,ANI-00536,Blu-ray Collection 0536,Blu-ray,Standard,13.79,28.93
537,130,ANI-00537,Apparel Collection 0537,Apparel,Exclusive,24.7,54.39
538,147,ANI-00538,Accessory Collection 0538,Accessory,Limited,18.23,41.34
539,164,ANI-00539,Poster Collection 0539,Poster,Standard,18.37,27.62
540,,ANI-00540,Figure Collection 0540,Figure,Exclusive,79.63,163.01
541,198,ANI-00541,Blu-ray Collection 0541,Blu-ray,Limited,83.4,201.39
542,215,ANI-00542,Apparel Collection 0542,Apparel,Standard,62.14,140.46
543,232,ANI-00543,Accessory Collection 0543,Accessory,Exclusive,22.35,35.33
544,249,ANI-00544,Poster Collection 0544,Poster,Limited,51.69,85.05
545,266,ANI-00545,Figure Collection 0545,Figure,Standard,29.33,69.2
546,283,ANI-00546,Blu-ray Collection 0546,Blu-ray,Exclusive,34.53,80.14
547,300,ANI-00547,Apparel Collection 0547,Apparel,Limited,18.01,36.05
548,317,ANI-00548,Accessory Collection 0548,Accessory,Standard,13.39,28.14
549,334,ANI-00549,Poster Collection 0549,Poster,Exclusive,30.54,60.77
550,351,ANI-00550,Figure Collection 0550,Figure,Limited,49.69,81.89
551,8,ANI-00551,Blu-ray Collection 0551,Blu-ray,Standard,51.05,117.15
552,25,ANI-00552,Apparel Collection 0552,Apparel,Exclusive,82.73,169.24
553,42,ANI-00553,Accessory Collection 0553,Accessory,Limited,70.64,144.69
554,59,ANI-00554,Poster Collection 0554,Poster,Standard,33.72,65.66
555,76,ANI-00555,Figure Collection 0555,Figure,Exclusive,13.75,25.43
556,93,ANI-00556,Blu-ray Collection 0556,Blu-ray,Limited,66.89,128.59
557,110,ANI-00557,Apparel Collection 0557,Apparel,Standard,88.84,141.2
558,127,ANI-00558,Accessory Collection 0558,Accessory,Exclusive,16.72,43.25
559,144,ANI-00559,Poster Collection 0559,Poster,Limited,69.24,160.86
560,,ANI-00560,Figure Collection 0560,Figure,Standard,9.79,15.72
561,178,ANI-00561,Blu-ray Collection 0561,Blu-ray,Exclusive,21.95,42.43
562,195,ANI-00562,Apparel Collection 0562,Apparel,Limited,63.27,107.63
563,212,ANI-00563,Accessory Collection 0563,Accessory,Standard,3.8,9.68
564,229,ANI-00564,Poster Collection 0564,Poster,Exclusive,77.83,162.32
565,246,ANI-00565,Figure Collection 0565,Figure,Limited,48.36,71.7
566,263,ANI-00566,Blu-ray Collection 0566,Blu-ray,Standard,43.46,65.91
567,280,ANI-00567,Apparel Collection 0567,Apparel,Exclusive,73.8,114.52
568,297,ANI-00568,Accessory Collection 0568,Accessory,Limited,73.58,136.62
569,314,ANI-00569,Poster Collection 0569,Poster,Standard,21.59,55.01
570,331,ANI-00570,Figure Collection 0570,Figure,Exclusive,88.12,147.94
571,348,ANI-00571,Blu-ray Collection 0571,Blu-ray,Limited,13.74,34.27
572,5,ANI-00572,Apparel Collection 0572,Apparel,Standard,3.16,7.74
573,22,ANI-00573,Accessory Collection 0573,Accessory,Exclusive,7.93,18.99
574,39,ANI-00574,Poster Collection 0574,Poster,Limited,7.37,10.52
575,56,ANI-00575,Figure Collection 0575,Figure,Standard,16.76,42.85
576,73,ANI-00576,Blu-ray Collection 0576,Blu-ray,Exclusive,4.89,9.74
577,90,ANI-00577,Apparel Collection 0577,Apparel,Limited,72.89,176.45
578,107,ANI-00578,Accessory Collection 0578,Accessory,Standard,2.89,4.06
579,124,ANI-00579,Poster Collection 0579,Poster,Exclusive,40.96,80.62
580,,ANI-00580,Figure Collection 0580,Figure,Limited,85.47,177.54
581,158,ANI-00581,Blu-ray Collection 0581,Blu-ray,Standard,14.07,33.43
582,175,ANI-00582,Apparel Collection 0582,Apparel,Exclusive,67.58,122.41
583,192,ANI-00583,Accessory Collection 0583,Accessory,Limited,85.88,138.77
584,209,ANI-00584,Poster Collection 0584,Poster,Standard,65.89,160.61
585,226,ANI-00585,Figure Collection 0585,Figure,Exclusive,8.23,19.04
586,243,ANI-00586,Blu-ray Collection 0586,Blu-ray,Limited,37.78,57.58
587,260,ANI-00587,Apparel Collection 0587,Apparel,Standard,20.54,30.93
588,277,ANI-00588,Accessory Collection 0588,Accessory,Exclusive,62.74,157.31
589,294,ANI-00589,Poster Collection 0589,Poster,Limited,63.9,161.87
590,311,ANI-00590,Figure Collection 0590,Figure,Standard,40.52,96.79
591,328,ANI-00591,Blu-ray Collection 0591,Blu-ray,Exclusive,41.17,106.21
592,345,ANI-00592,Apparel Collection 0592,Apparel,Limited,24.33,55.84
593,2,ANI-00593,Accessory Collection 0593,Accessory,Standard,18.46,28.89
594,19,ANI-00594,Poster Collection 0594,Poster,Exclusive,29.74,73.57
595,36,ANI-00595,Figure Collection 0595,Figure,Limited,30.67,57.59
596,53,ANI-00596,Blu-ray Collection 0596,Blu-ray,Standard,20.54,30.31
597,70,ANI-00597,Apparel Collection 0597,Apparel,Exclusive,65.29,89.56
598,87,ANI-00598,Accessory Collection 0598,Accessory,Limited,36.26,55.95
599,104,ANI-00599,Poster Collection 0599,Poster,Standard,60.57,102.26
600,,ANI-00600,Figure Collection 0600,Figure,Exclusive,12.17,19.07
601,138,ANI-00601,Blu-ray Collection 0601,Blu-ray,Limited,76.18,146.25
602,155,ANI-00602,Apparel Collection 0602,Apparel,Standard,76.64,146.83
603,172,ANI-00603,Accessory Collection 0603,Accessory,Exclusive,42.8,66.29
604,189,ANI-00604,Poster Collection 0604,Poster,Limited,88.72,217.54
605,206,ANI-00605,Figure Collection 0605,Figure,Standard,13.23,24.54
606,223,ANI-00606,Blu-ray Collection 0606,Blu-ray,Exclusive,58.06,86.42
607,240,ANI-00607,Apparel Collection 0607,Apparel,Limited,28.88,62.94
608,257,ANI-00608,Accessory Collection 0608,Accessory,Standard,63.99,135.1
609,274,ANI-00609,Poster Collection 0609,Poster,Exclusive,61.26,108.31
610,291,ANI-00610,Figure Collection 0610,Figure,Limited,47.2,110.9
611,308,ANI-00611,Blu-ray Collection 0611,Blu-ray,Standard,55.05,132.75
612,325,ANI-00612,Apparel Collection 0612,Apparel,Exclusive,73.54,171.18
613,342,ANI-00613,Accessory Collection 0613,Accessory,Limited,64.53,97.72
614,359,ANI-00614,Poster Collection 0614,Poster,Standard,2.8,6.31
615,16,ANI-00615,Figure Collection 0615,Figure,Exclusive,70.13,165.31
616,33,ANI-00616,Blu-ray Collection 0616,Blu-ray,Limited,46.15,115.63
617,50,ANI-00617,Apparel Collection 0617,Apparel,Standard,24.19,53.59
618,67,ANI-00618,Accessory Collection 0618,Accessory,Exclusive,3.21,6.58
619,84,ANI-00619,Poster Collection 0619,Poster,Limited,58.46,94.55
620,,ANI-00620,Figure Collection 0620,Figure,Standard,59.77,118.77
621,118,ANI-00621,Blu-ray Collection 0621,Blu-ray,Exclusive,21.59,52.67
622,135,ANI-00622,Apparel Collection 0622,Apparel,Limited,74.29,146.34
623,152,ANI-00623,Accessory Collection 0623,Accessory,Standard,10.79,19.88
624,169,ANI-00624,Poster Collection 0624,Poster,Exclusive,22.15,37.84
625,186,ANI-00625,Figure Collection 0625,Figure,Limited,69.81,101.78
626,203,ANI-00626,Blu-ray Collection 0626,Blu-ray,Standard,19.67,26.56
627,220,ANI-00627,Apparel Collection 0627,Apparel,Exclusive,87.99,156.66
628,237,ANI-00628,Accessory Collection 0628,Accessory,Limited,47.57,74.01
629,254,ANI-00629,Poster Collection 0629,Poster,Standard,17.93,41.51
630,271,ANI-00630,Figure Collection 0630,Figure,Exclusive,46.28,97.27
631,288,ANI-00631,Blu-ray Collection 0631,Blu-ray,Limited,87.49,134.62
632,305,ANI-00632,Apparel Collection 0632,Apparel,Standard,76.34,183.42
633,322,ANI-00633,Accessory Collection 0633,Accessory,Exclusive,51.57,106.19
634,339,ANI-00634,Poster Collection 0634,Poster,Limited,22.19,40.97
635,356,ANI-00635,Figure Collection 0635,Figure,Standard,32.07,61.4
636,13,ANI-00636,Blu-ray Collection 0636,Blu-ray,Exclusive,54.46,131.65
637,30,ANI-00637,Apparel Collection 0637,Apparel,Limited,21.77,41.52
638,47,ANI-00638,Accessory Collection 0638,Accessory,Standard,82.92,184.76
639,64,ANI-00639,Poster Collection 0639,Poster,Exclusive,27.99,41.45
640,,ANI-00640,Figure Collection 0640,Figure,Limited,81.2,202.17
641,98,ANI-00641,Blu-ray Collection 0641,Blu-ray,Standard,37.27,76.35
642,115,ANI-00642,Apparel Collection 0642,Apparel,Exclusive,82.05,206.97
643,132,ANI-00643,Accessory Collection 0643,Accessory,Limited,16.49,28.84
644,149,ANI-00644,Poster Collection 0644,Poster,Standard,73.4,139.94
645,166,ANI-00645,Figure Collection 0645,Figure,Exclusive,77.08,128.45
646,183,ANI-00646,Blu-ray Collection 0646,Blu-ray,Limited,34.51,84.23
647,200,ANI-00647,Apparel Collection 0647,Apparel,Standard,89.92,151.77
648,217,ANI-00648,Accessory Collection 0648,Accessory,Exclusive,88.76,202.79
649,234,ANI-00649,Poster Collection 0649,Poster,Limited,18.68,43.07
650,251,ANI-00650,Figure Collection 0650,Figure,Standard,48.26,107.53
651,268,ANI-00651,Blu-ray Collection 0651,Blu-ray,Exclusive,29.01,57.77
652,285,ANI-00652,Apparel Collection 0652,Apparel,Limited,23.03,40.67
653,302,ANI-00653,Accessory Collection 0653,Accessory,Standard,7.55,17.49
654,319,ANI-00654,Poster Collection 0654,Poster,Exclusive,39.03,88.14
655,336,ANI-00655,Figure Collection 0655,Figure,Limited,59.95,122.3
656,353,ANI-00656,Blu-ray Collection 0656,Blu-ray,Standard,82.29,179.02
657,10,ANI-00657,Apparel Collection 0657,Apparel,Exclusive,9.07,20.58
658,27,ANI-00658,Accessory Collection 0658,Accessory,Limited,28.42,41.43
659,44,ANI-00659,Poster Collection 0659,Poster,Standard,69.23,124.4
660,,ANI-00660,Figure Collection 0660,Figure,Exclusive,75.2,124.27
661,78,ANI-00661,Blu-ray Collection 0661,Blu-ray,Limited,16.75,42.24
662,95,ANI-00662,Apparel Collection 0662,Apparel,Standard,77.48,176.05
663,112,ANI-00663,Accessory Collection 0663,Accessory,Exclusive,29.61,57.81
664,129,ANI-00664,Poster Collection 0664,Poster,Limited,24.52,57.88
665,146,ANI-00665,Figure Collection 0665,Figure,Standard,75.25,128.95
666,163,ANI-00666,Blu-ray Collection 0666,Blu-ray,Exclusive,27.61,71.77
667,180,ANI-00667,Apparel Collection 0667,Apparel,Limited,41.88,59.28
668,197,ANI-00668,Accessory Collection 0668,Accessory,Standard,9.55,24.73
669,214,ANI-00669,Poster Collection 0669,Poster,Exclusive,44.77,62.66
670,231,ANI-00670,Figure Collection 0670,Figure,Limited,3.54,5.46
671,248,ANI-00671,Blu-ray Collection 0671,Blu-ray,Standard,38.56,79.03
672,265,ANI-00672,Apparel Collection 0672,Apparel,Exclusive,63.03,106.76
673,282,ANI-00673,Accessory Collection 0673,Accessory,Limited,63.01,114.39
674,299,ANI-00674,Poster Collection 0674,Poster,Standard,5.1,8.6
675,316,ANI-00675,Figure Collection 0675,Figure,Exclusive,89.05,170.04
676,333,ANI-00676,Blu-ray Collection 0676,Blu-ray,Limited,32.32,68.14
677,350,ANI-00677,Apparel Collection 0677,Apparel,Standard,76.34,142.68
678,7,ANI-00678,Accessory Collection 0678,Accessory,Exclusive,71.38,110.9
679,24,ANI-00679,Poster Collection 0679,Poster,Limited,57.84,138.63
680,,ANI-00680,Figure Collection 0680,Figure,Standard,64.81,113.91
681,58,ANI-00681,Blu-ray Collection 0681,Blu-ray,Exclusive,49.85,121.46
682,75,ANI-00682,Apparel Collection 0682,Apparel,Limited,39.49,71.47
683,92,ANI-00683,Accessory Collection 0683,Accessory,Standard,42.33,58.52
684,109,ANI-00684,Poster Collection 0684,Poster,Exclusive,49.51,104.13
685,126,ANI-00685,Figure Collection 0685,Figure,Limited,20.75,35.15
686,143,ANI-00686,Blu-ray Collection 0686,Blu-ray,Standard,77.72,123.67
687,160,ANI-00687,Apparel Collection 0687,Apparel,Exclusive,5.99,8.57
688,177,ANI-00688,Accessory Collection 0688,Accessory,Limited,9.36,23.05
689,194,ANI-00689,Poster Collection 0689,Poster,Standard,11.42,27.09
690,211,ANI-00690,Figure Collection 0690,Figure,Exclusive,5.74,10.84
691,228,ANI-00691,Blu-ray Collection 0691,Blu-ray,Limited,58.68,87.24
692,245,ANI-00692,Apparel Collection 0692,Apparel,Standard,18.24,44.53
693,262,ANI-00693,Accessory Collection 0693,Accessory,Exclusive,71.7,102.49
694,279,ANI-00694,Poster Collection 0694,Poster,Limited,9.96,15.92
695,296,ANI-00695,Figure Collection 0695,Figure,Standard,12.17,29.08
696,313,ANI-00696,Blu-ray Collection 0696,Blu-ray,Exclusive,76.25,183.02
697,330,ANI-00697,Apparel Collection 0697,Apparel,Limited,44.24,77.05
698,347,ANI-00698,Accessory Collection 0698,Accessory,Standard,58.72,121.28
699,4,ANI-00699,Poster Collection 0699,Poster,Exclusive,50.07,113.06
700,,ANI-00700,Figure Collection 0700,Figure,Limited,47.19,102.42
701,38,ANI-00701,Blu-ray Collection 0701,Blu-ray,Standard,43.31,102.46
702,55,ANI-00702,Apparel Collection 0702,Apparel,Exclusive,80.02,169.44
703,72,ANI-00703,Accessory Collection 0703,Accessory,Limited,39.98,81.51
704,89,ANI-00704,Poster Collection 0704,Poster,Standard,88.77,211.73
705,106,ANI-00705,Figure Collection 0705,Figure,Exclusive,80.45,137.68
706,123,ANI-00706,Blu-ray Collection 0706,Blu-ray,Limited,51.42,129.36
707,140,ANI-00707,Apparel Collection 0707,Apparel,Standard,4.51,7.04
708,157,ANI-00708,Accessory Collection 0708,Accessory,Exclusive,22.57,37.58
709,174,ANI-00709,Poster Collection 0709,Poster,Limited,75.21,121.96
710,191,ANI-00710,Figure Collection 0710,Figure,Standard,63.4,157.37
711,208,ANI-00711,Blu-ray Collection 0711,Blu-ray,Exclusive,21.72,34.2
712,225,ANI-00712,Apparel Collection 0712,Apparel,Limited,76.88,156.57
713,242,ANI-00713,Accessory Collection 0713,Accessory,Standard,21.25,51.28
714,259,ANI-00714,Poster Collection 0714,Poster,Exclusive,10.59,27.26
715,276,ANI-00715,Figure Collection 0715,Figure,Limited,57.3,141.47
716,293,ANI-00716,Blu-ray Collection 0716,Blu-ray,Standard,14.55,29.94
717,310,ANI-00717,Apparel Collection 0717,Apparel,Exclusive,47.7,85.14
718,327,ANI-00718,Accessory Collection 0718,Accessory,Limited,71.11,121.7
719,344,ANI-00719,Poster Collection 0719,Poster,Standard,31.98,78.67
720,,ANI-00720,Figure Collection 0720,Figure,Exclusive,29.29,72.66
721,18,ANI-00721,Blu-ray Collection 0721,Blu-ray,Limited,19.46,39.03
722,35,ANI-00722,Apparel Collection 0722,Apparel,Standard,13.17,25.87
723,52,ANI-00723,Accessory Collection 0723,Accessory,Exclusive,61.66,108.67
724,69,ANI-00724,Poster Collection 0724,Poster,Limited,25.66,42.41
725,86,ANI-00725,Figure Collection 0725,Figure,Standard,55.57,123.65
726,103,ANI-00726,Blu-ray Collection 0726,Blu-ray,Exclusive,78.04,152.89
727,120,ANI-00727,Apparel Collection 0727,Apparel,Limited,15.15,29.95
728,137,ANI-00728,Accessory Collection 0728,Accessory,Standard,69.93,122.93
729,154,ANI-00729,Poster Collection 0729,Poster,Exclusive,80.08,181.1
730,171,ANI-00730,Figure Collection 0730,Figure,Limited,11.57,29.33
731,188,ANI-00731,Blu-ray Collection 0731,Blu-ray,Standard,86.46,187.14
732,205,ANI-00732,Apparel Collection 0732,Apparel,Exclusive,25.2,54.24
733,222,ANI-00733,Accessory Collection 0733,Accessory,Limited,12.49,26.23
734,239,ANI-00734,Poster Collection 0734,Poster,Standard,85.69,204.09
735,256,ANI-00735,Figure Collection 0735,Figure,Exclusive,8.25,14.73
736,273,ANI-00736,Blu-ray Collection 0736,Blu-ray,Limited,70.5,179.26
737,290,ANI-00737,Apparel Collection 0737,Apparel,Standard,3.63,5.04
738,307,ANI-00738,Accessory Collection 0738,Accessory,Exclusive,71.02,144.28
739,324,ANI-00739,Poster Collection 0739,Poster,Limited,25.6,53.92
740,,ANI-00740,Figure Collection 0740,Figure,Standard,7.28,18.87
741,358,ANI-00741,Blu-ray Collection 0741,Blu-ray,Exclusive,69.89,124.87
742,15,ANI-00742,Apparel Collection 0742,Apparel,Limited,71.98,181.97
743,32,ANI-00743,Accessory Collection 0743,Accessory,Standard,25.31,56.08
744,49,ANI-00744,Poster Collection 0744,Poster,Exclusive,59.49,138.75
745,66,ANI-00745,Figure Collection 0745,Figure,Limited,43.33,104.08
746,83,ANI-00746,Blu-ray Collection 0746,Blu-ray,Standard,73.58,159.94
747,100,ANI-00747,Apparel Collection 0747,Apparel,Exclusive,75.05,123.66
748,117,ANI-00748,Accessory Collection 0748,Accessory,Limited,75.87,187.82
749,134,ANI-00749,Poster Collection 0749,Poster,Standard,71.37,118.21
750,151,ANI-00750,Figure Collection 0750,Figure,Exclusive,45.72,64.03
751,168,ANI-00751,Blu-ray Collection 0751,Blu-ray,Limited,75.61,168.88
752,185,ANI-00752,Apparel Collection 0752,Apparel,Standard,16.78,24.06
753,202,ANI-00753,Accessory Collection 0753,Accessory,Exclusive,35.62,58.55
754,219,ANI-00754,Poster Collection 0754,Poster,Limited,64.55,151.8
755,236,ANI-00755,Figure Collection 0755,Figure,Standard,23.85,33.56
756,253,ANI-00756,Blu-ray Collection 0756,Blu-ray,Exclusive,54.23,91.44
757,270,ANI-00757,Apparel Collection 0757,Apparel,Limited,65.85,124.34
758,287,ANI-00758,Accessory Collection 0758,Accessory,Standard,16.31,42.28
759,304,ANI-00759,Poster Collection 0759,Poster,Exclusive,12.72,28.13
760,,ANI-00760,Figure Collection 0760,Figure,Limited,68.04,104.81
761,338,ANI-00761,Blu-ray Collection 0761,Blu-ray,Standard,86.87,206.63
762,355,ANI-00762,Apparel Collection 0762,Apparel,Exclusive,88.05,171.57
763,12,ANI-00763,Accessory Collection 0763,Accessory,Limited,66.39,90.74
764,29,ANI-00764,Poster Collection 0764,Poster,Standard,52.62,74.76
765,46,ANI-00765,Figure Collection 0765,Figure,Exclusive,52.96,92.19
766,63,ANI-00766,Blu-ray Collection 0766,Blu-ray,Limited,65.68,132.07
767,80,ANI-00767,Apparel Collection 0767,Apparel,Standard,27.05,66.91
768,97,ANI-00768,Accessory Collection 0768,Accessory,Exclusive,51.0,91.94
769,114,ANI-00769,Poster Collection 0769,Poster,Limited,45.41,68.36
770,131,ANI-00770,Figure Collection 0770,Figure,Standard,3.45,8.02
771,148,ANI-00771,Blu-ray Collection 0771,Blu-ray,Exclusive,80.69,209.67
772,165,ANI-00772,Apparel Collection 0772,Apparel,Limited,19.57,41.29
773,182,ANI-00773,Accessory Collection 0773,Accessory,Standard,37.13,95.02
774,199,ANI-00774,Poster Collection 0774,Poster,Exclusive,60.79,108.06
775,216,ANI-00775,Figure Collection 0775,Figure,Limited,7.81,13.3
776,233,ANI-00776,Blu-ray Collection 0776,Blu-ray,Standard,78.4,117.49
777,250,ANI-00777,Apparel Collection 0777,Apparel,Exclusive,51.0,86.21
778,267,ANI-00778,Accessory Collection 0778,Accessory,Limited,87.24,202.33
779,284,ANI-00779,Poster Collection 0779,Poster,Standard,32.96,50.57
780,,ANI-00780,Figure Collection 0780,Figure,Exclusive,76.73,192.31
781,318,ANI-00781,Blu-ray Collection 0781,Blu-ray,Limited,85.02,192.87
782,335,ANI-00782,Apparel Collection 0782,Apparel,Standard,16.74,26.71
783,352,ANI-00783,Accessory Collection 0783,Accessory,Exclusive,62.4,127.41
784,9,ANI-00784,Poster Collection 0784,Poster,Limited,67.24,161.33
785,26,ANI-00785,Figure Collection 0785,Figure,Standard,57.1,143.61
786,43,ANI-00786,Blu-ray Collection 0786,Blu-ray,Exclusive,35.39,52.36
787,60,ANI-00787,Apparel Collection 0787,Apparel,Limited,56.16,104.3
788,77,ANI-00788,Accessory Collection 0788,Accessory,Standard,61.59,136.87
789,94,ANI-00789,Poster Collection 0789,Poster,Exclusive,38.44,54.41
790,111,ANI-00790,Figure Collection 0790,Figure,Limited,11.0,21.55
791,128,ANI-00791,Blu-ray Collection 0791,Blu-ray,Standard,44.09,112.24
792,145,ANI-00792,Apparel Collection 0792,Apparel,Exclusive,33.88,78.13
793,162,ANI-00793,Accessory Collection 0793,Accessory,Limited,54.25,87.89
794,179,ANI-00794,Poster Collection 0794,Poster,Standard,70.86,145.34
795,196,ANI-00795,Figure Collection 0795,Figure,Exclusive,63.62,127.24
796,213,ANI-00796,Blu-ray Collection 0796,Blu-ray,Limited,62.2,145.44
797,230,ANI-00797,Apparel Collection 0797,Apparel,Standard,31.83,72.62
798,247,ANI-00798,Accessory Collection 0798,Accessory,Exclusive,88.3,188.31
799,264,ANI-00799,Poster Collection 0799,Poster,Limited,50.85,76.98
800,,ANI-00800,Figure Collection 0800,Figure,Standard,90.0,192.15
801,298,ANI-00801,Blu-ray Collection 0801,Blu-ray,Exclusive,88.56,192.61
802,315,ANI-00802,Apparel Collection 0802,Apparel,Limited,55.19,93.63
803,332,ANI-00803,Accessory Collection 0803,Accessory,Standard,65.44,142.47
804,349,ANI-00804,Poster Collection 0804,Poster,Exclusive,79.6,110.76
805,6,ANI-00805,Figure Collection 0805,Figure,Limited,23.36,39.43
806,23,ANI-00806,Blu-ray Collection 0806,Blu-ray,Standard,31.75,73.9
807,40,ANI-00807,Apparel Collection 0807,Apparel,Exclusive,57.88,113.58
808,57,ANI-00808,Accessory Collection 0808,Accessory,Limited,16.87,41.77
809,74,ANI-00809,Poster Collection 0809,Poster,Standard,43.45,70.33
810,91,ANI-00810,Figure Collection 0810,Figure,Exclusive,6.18,12.78
811,108,ANI-00811,Blu-ray Collection 0811,Blu-ray,Limited,57.74,146.92
812,125,ANI-00812,Apparel Collection 0812,Apparel,Standard,38.59,79.06
813,142,ANI-00813,Accessory Collection 0813,Accessory,Exclusive,28.32,60.9
814,159,ANI-00814,Poster Collection 0814,Poster,Limited,56.25,120.08
815,176,ANI-00815,Figure Collection 0815,Figure,Standard,50.44,97.33
816,193,ANI-00816,Blu-ray Collection 0816,Blu-ray,Exclusive,58.09,150.0
817,210,ANI-00817,Apparel Collection 0817,Apparel,Limited,89.14,160.63
818,227,ANI-00818,Accessory Collection 0818,Accessory,Standard,46.21,93.79
819,244,ANI-00819,Poster Collection 0819,Poster,Exclusive,86.47,219.35
820,,ANI-00820,Figure Collection 0820,Figure,Limited,65.27,121.5
821,278,ANI-00821,Blu-ray Collection 0821,Blu-ray,Standard,77.77,155.73
822,295,ANI-00822,Apparel Collection 0822,Apparel,Exclusive,38.38,76.88
823,312,ANI-00823,Accessory Collection 0823,Accessory,Limited,88.47,202.98
824,329,ANI-00824,Poster Collection 0824,Poster,Standard,57.16,88.31
825,346,ANI-00825,Figure Collection 0825,Figure,Exclusive,4.28,5.8
826,3,ANI-00826,Blu-ray Collection 0826,Blu-ray,Limited,34.07,87.4
827,20,ANI-00827,Apparel Collection 0827,Apparel,Standard,27.3,67.94
828,37,ANI-00828,Accessory Collection 0828,Accessory,Exclusive,20.86,30.53
829,54,ANI-00829,Poster Collection 0829,Poster,Limited,13.29,18.74
830,71,ANI-00830,Figure Collection 0830,Figure,Standard,11.98,23.07
831,88,ANI-00831,Blu-ray Collection 0831,Blu-ray,Exclusive,28.22,67.55
832,105,ANI-00832,Apparel Collection 0832,Apparel,Limited,70.09,99.44
833,122,ANI-00833,Accessory Collection 0833,Accessory,Standard,64.11,153.23
834,139,ANI-00834,Poster Collection 0834,Poster,Exclusive,57.39,113.62
835,156,ANI-00835,Figure Collection 0835,Figure,Limited,35.39,72.04
836,173,ANI-00836,Blu-ray Collection 0836,Blu-ray,Standard,29.68,63.83
837,190,ANI-00837,Apparel Collection 0837,Apparel,Exclusive,42.89,80.54
838,207,ANI-00838,Accessory Collection 0838,Accessory,Limited,83.71,213.1
839,224,ANI-00839,Poster Collection 0839,Poster,Standard,15.45,32.22
840,,ANI-00840,Figure Collection 0840,Figure,Exclusive,82.89,169.6
841,258,ANI-00841,Blu-ray Collection 0841,Blu-ray,Limited,8.68,16.6
842,275,ANI-00842,Apparel Collection 0842,Apparel,Standard,15.25,36.04
843,292,ANI-00843,Accessory Collection 0843,Accessory,Exclusive,57.22,78.38
844,309,ANI-00844,Poster Collection 0844,Poster,Limited,77.15,122.23
845,326,ANI-00845,Figure Collection 0845,Figure,Standard,25.9,59.0
846,343,ANI-00846,Blu-ray Collection 0846,Blu-ray,Exclusive,56.3,102.23
847,360,ANI-00847,Apparel Collection 0847,Apparel,Limited,54.69,112.22
848,17,ANI-00848,Accessory Collection 0848,Accessory,Standard,22.79,38.61
849,34,ANI-00849,Poster Collection 0849,Poster,Exclusive,50.56,77.86
850,51,ANI-00850,Figure Collection 0850,Figure,Limited,62.16,91.75
851,68,ANI-00851,Blu-ray Collection 0851,Blu-ray,Standard,7.91,20.05
852,85,ANI-00852,Apparel Collection 0852,Apparel,Exclusive,21.97,43.56
853,102,ANI-00853,Accessory Collection 0853,Accessory,Limited,6.88,15.93
854,119,ANI-00854,Poster Collection 0854,Poster,Standard,56.74,118.93
855,136,ANI-00855,Figure Collection 0855,Figure,Exclusive,43.0,87.37
856,153,ANI-00856,Blu-ray Collection 0856,Blu-ray,Limited,56.82,145.33
857,170,ANI-00857,Apparel Collection 0857,Apparel,Standard,32.64,79.91
858,187,ANI-00858,Accessory Collection 0858,Accessory,Exclusive,70.17,146.53
859,204,ANI-00859,Poster Collection 0859,Poster,Limited,52.9,79.72
860,,ANI-00860,Figure Collection 0860,Figure,Standard,39.56,83.81
861,238,ANI-00861,Blu-ray Collection 0861,Blu-ray,Exclusive,45.3,69.68
862,255,ANI-00862,Apparel Collection 0862,Apparel,Limited,49.33,86.12
863,272,ANI-00863,Accessory Collection 0863,Accessory,Standard,47.28,105.43
864,289,ANI-00864,Poster Collection 0864,Poster,Exclusive,25.32,48.17
865,306,ANI-00865,Figure Collection 0865,Figure,Limited,74.64,144.64
866,323,ANI-00866,Blu-ray Collection 0866,Blu-ray,Standard,69.25,101.71
867,340,ANI-00867,Apparel Collection 0867,Apparel,Exclusive,78.92,112.37
868,357,ANI-00868,Accessory Collection 0868,Accessory,Limited,88.79,143.09
869,14,ANI-00869,Poster Collection 0869,Poster,Standard,69.7,175.34
870,31,ANI-00870,Figure Collection 0870,Figure,Exclusive,37.81,62.03
871,48,ANI-00871,Blu-ray Collection 0871,Blu-ray,Limited,56.15,92.7
872,65,ANI-00872,Apparel Collection 0872,Apparel,Standard,23.09,31.29
873,82,ANI-00873,Accessory Collection 0873,Accessory,Exclusive,6.89,10.69
874,99,ANI-00874,Poster Collection 0874,Poster,Limited,31.35,45.09
875,116,ANI-00875,Figure Collection 0875,Figure,Standard,83.86,114.07
876,133,ANI-00876,Blu-ray Collection 0876,Blu-ray,Exclusive,58.32,108.06
877,150,ANI-00877,Apparel Collection 0877,Apparel,Limited,37.75,66.38
878,167,ANI-00878,Accessory Collection 0878,Accessory,Standard,80.06,124.33
879,184,ANI-00879,Poster Collection 0879,Poster,Exclusive,75.76,113.31
880,,ANI-00880,Figure Collection 0880,Figure,Limited,34.14,62.54
881,218,ANI-00881,Blu-ray Collection 0881,Blu-ray,Standard,22.82,33.39
882,235,ANI-00882,Apparel Collection 0882,Apparel,Exclusive,57.34,84.93
883,252,ANI-00883,Accessory Collection 0883,Accessory,Limited,61.0,135.75
884,269,ANI-00884,Poster Collection 0884,Poster,Standard,29.79,72.77
885,286,ANI-00885,Figure Collection 0885,Figure,Exclusive,27.64,63.59
886,303,ANI-00886,Blu-ray Collection 0886,Blu-ray,Limited,10.66,17.91
887,320,ANI-00887,Apparel Collection 0887,Apparel,Standard,52.25,82.54
888,337,ANI-00888,Accessory Collection 0888,Accessory,Exclusive,69.19,124.63
889,354,ANI-00889,Poster Collection 0889,Poster,Limited,57.35,143.06
890,11,ANI-00890,Figure Collection 0890,Figure,Standard,19.03,26.83
891,28,ANI-00891,Blu-ray Collection 0891,Blu-ray,Exclusive,79.24,123.14
892,45,ANI-00892,Apparel Collection 0892,Apparel,Limited,9.29,16.05
893,62,ANI-00893,Accessory Collection 0893,Accessory,Standard,35.66,80.78
894,79,ANI-00894,Poster Collection 0894,Poster,Exclusive,9.07,19.16
895,96,ANI-00895,Figure Collection 0895,Figure,Limited,29.56,72.62
896,113,ANI-00896,Blu-ray Collection 0896,Blu-ray,Standard,19.4,43.17
897,130,ANI-00897,Apparel Collection 0897,Apparel,Exclusive,51.82,109.86
898,147,ANI-00898,Accessory Collection 0898,Accessory,Limited,86.19,198.71
899,164,ANI-00899,Poster Collection 0899,Poster,Standard,62.48,121.14
900,,ANI-00900,Figure Collection 0900,Figure,Exclusive,59.21,152.9
